Yes	0	0
OK	1	0
That's great!	2	0
Me too!	3	0
Thank you	4	0
Thanks	4	0
No	5	0
Yeah	6	0
Sure	7	0
I know	8	0
I don't know	9	0
Really?	10	0
Great!	11	0
No problem	12	0
Of course!	13	0
What?	14	1
I see	15	0
Absolutely	16	0
Oh no!	17	0
Why?	18	1
Exactly!	19	0
Wow!	2	0
That sounds great!	20	0
I'm sorry to hear that	21	0
Good	22	0
You're welcome	23	0
I agree	24	0
That's cool	25	0
Cool	26	0
Nice!	11	0
That's true	27	0
All right	28	0
What do you mean?	29	1
That's good	30	0
Yeah, I know	31	0
I hope so	32	0
That's right	33	0
Lol	34	0
Right	33	0
That sounds like fun	35	0
It is	36	1
Haha	34	0
Fine	37	0
I'm sorry	21	0
Yes, I do	38	0
Not really	39	0
Yeah, me too	40	0
Why not?	18	1
Hi!	41	0
That's fine	42	0
Yep	6	0
I'm not sure	9	0
What happened?	43	0
Thank you very much	44	0
Not much	45	0
Yes, it is	46	0
Definitely	16	0
You're right	47	0
I understand	8	0
Oh, wow!	48	0
Oh, that's cool!	48	0
Awesome!	11	0
Don't worry	49	0
Oh, I see	15	0
True	27	0
Yeah, I guess you're right	50	0
That's amazing!	2	0
Yes, I am	51	0
Maybe	32	0
That's a good idea	52	0
OK, thanks	53	0
Not yet	54	0
That makes sense	55	0
Let me see	15	0
I can imagine	32	0
I know, right?	56	1
I will	57	1
No, thanks	58	0
Certainly	0	0
What is it?	43	1
I know what you mean	8	0
Oh, yes	59	0
Not at all	39	0
Hey!	41	0
Nope	5	0
I bet	32	0
Thank you so much!	44	0
That would be great!	52	0
Yes, of course	0	0
I do	60	1
You should!	57	0
Here you are	61	0
Bye	37	0
I'm good	62	0
Good idea	63	0
Yes, I did	64	0
I'm not sure yet	9	0
Sounds good	20	0
Perfect!	11	0
Yes, sir	65	1
I am	66	0
I think so	32	0
Thanks a lot	67	0
Oh, really?	10	0
That sounds interesting	25	0
That is great	2	0
That's good to hear	68	0
Yeah, I know what you mean	31	0
That's great to hear!	68	0
I'm doing well, thank you	62	0
Yup	6	0
Yes, please	7	0
Are you sure?	69	0
Congratulations!	44	0
No way!	70	0
Same here	3	0
Hello!	41	0
That's too bad	30	0
It's okay	21	0
Oh, okay	59	0
Yeah, it is	71	0
What are you talking about?	29	0
I don't think so	9	0
Yeah, I think so	71	0
That's terrible!	30	0
Alright	37	0
Oh, cool!	48	0
What's that?	43	1
Oh, yeah	59	0
Come on	72	0
That's nice	25	0
I'm glad to hear that	68	0
What?!	73	0
Good luck!	44	0
Yeah, I can imagine	71	0
See you	74	0
That's interesting	25	0
You too!	75	0
Yeah, I know how that is	31	0
No, not really	39	0
That's a great idea!	52	0
Why is that?	18	0
Oh, that's great!	2	0
Thanks, I appreciate that	68	0
That's so cool!	2	0
Thanks, Mom	4	1
Sounds good to me	20	0
Not bad	76	0
I guess you're right	47	0
That sounds like a good plan	52	0
I did	77	0
That is awesome	2	0
Sorry	21	0
Sure thing	7	0
Nice to meet you too	75	0
Yeah, I guess so	71	0
That's understandable	28	0
Like what?	78	1
I guess so	32	0
Good for you!	62	0
Mr	79	0
That sucks	80	0
Of course not!	39	0
Thanks, I will	57	0
Wow, that's amazing!	2	0
Yeah?	81	0
It was good	82	0
Yes, I have	83	0
That sounds good	20	0
I can understand that	8	0
Good morning	84	0
What's wrong?	85	0
That sounds nice	20	0
Indeed	86	0
I have no idea	9	0
Nothing	87	1
Yeah, that's true	88	0
Yeah, definitely	71	0
Ha!	34	0
Yes, that's right	89	0
No, I don't	90	0
No, I haven't	91	0
And?	10	1
Where?	43	0
I know how you feel	8	0
Yea	86	0
Don't mention it	49	0
That's all right	28	0
What's up?	85	0
How come?	18	0
So?	10	1
That's not true!	92	0
Great, thank you	67	0
I'm fine	42	0
Oh, man	59	1
I'm doing well	62	0
Me neither	93	0
It was	82	1
Let me take a look	15	0
That sounds really tough	94	0
Interesting	25	0
That sounds like a great idea!	52	0
Sure, no problem	12	0
That sounds like a good idea	52	0
Yes?	95	0
Oh my god!	48	0
No, why?	18	0
For sure	96	0
Yeah, I'm fine	97	0
Tell me about it	15	0
Oh, come on	72	0
I know right!	34	0
Sounds great!	20	0
Very good!	22	0
Oh, yeah?	81	0
Oh, I'm sorry	21	0
No, I don't think so	9	0
Here you go	98	0
I'm doing alright	62	0
Yeah, that would be great	99	0
No, no	100	1
That's great news!	2	0
OMG!	34	0
It was great!	82	0
Got it	101	0
Which one?	43	0
Are you kidding?	102	0
Are you serious?	102	0
Oh, nice!	48	0
Yeah, sure	7	0
Excellent!	11	0
When?	103	0
Let's see...	15	0
Yes, we do	38	0
I'm glad you like it	104	0
That sounds perfect!	20	0
No problem at all	12	0
I'm so sorry	21	0
It doesn't matter	49	0
Who?	43	1
Yeah, no problem	12	0
I know, me too	3	0
I'd love to!	57	0
That's so sad	80	0
Thx	23	0
Anything else?	85	0
I hear you	3	0
Sure, what's up?	85	0
That is terrible	30	0
Can't wait!	105	0
Will do!	57	0
So what?	78	1
Yes, thank you	0	0
Huh?	81	1
Oh, right	59	0
Oh, that sounds fun!	35	0
It's great!	106	0
It's no problem	12	0
OK. Here you are	107	0
I love it!	106	0
It really is	36	0
That's not good	108	0
I'm sorry, sir	79	1
No, I'm not	109	1
I've been good	62	0
No, I didn't	110	0
But why?	18	0
Yeah, I agree	111	0
They are!	112	0
Ok, no problem	12	0
It's a lot of fun!	35	0
I think so too	96	0
Yes, I will	113	0
Agreed	24	0
Really	114	0
Okay then	1	0
I'm afraid not	115	0
I guess	32	0
My pleasure	23	0
I hope so too	32	0
That's exciting!	35	0
Sounds like a plan!	52	0
What for?	14	1
Yeah, that sounds good	116	0
Totally	19	0
How?	43	1
Thank you, sir	4	1
Same	3	1
I'm sure it is	36	0
Oh no, what happened?	78	0
Maybe you're right	47	0
Love you too	117	0
No worries	12	0
No idea	9	0
I can't	118	1
I know, I'm sorry	21	0
Great idea!	63	0
Yeah, I know how you feel	31	0
OK, I will	113	0
Wait!	34	1
How about this one?	119	0
Oh, that's too bad	30	0
I'm sure you will	57	0
Congrats!	44	0
OK, sir	65	1
I don't care	49	1
Wonderful!	11	0
Why do you say that?	29	0
I completely agree	24	0
That's pretty cool	25	0
Sure, what is it?	120	0
Okay, sounds good	116	0
Whatever	26	1
Oh, thank you!	48	0
Ouch!	34	0
How much?	121	0
Do you have any hobbies?	122	0
Yeah, that's a good idea	99	0
That's very kind of you	123	0
How much is it?	121	0
What's the problem?	85	0
Right?	56	1
It's my pleasure	23	0
That would be fun!	35	0
That's not fair!	70	0
What did you do?	43	0
I'm good, thanks	67	0
Yes, it was	124	0
Yeah, that makes sense	125	0
Yeah, I can understand that	31	0
Where are you going?	126	0
What a pity!	80	0
Aww	34	0
I couldn't agree more	127	0
That sounds delicious!	20	0
Oh my!	48	0
Oh, me too!	3	0
Please	26	0
You said it	26	0
That would be great, thank you	52	0
Thanks! I hope so	44	0
Goodbye	37	0
That's terrific!	2	0
See you then!	74	0
Pretty good	22	0
Anytime	128	0
Oh, great!	48	0
Hahahaha	34	0
Wait a minute	72	0
Yes, they are	46	0
Hmmm...	86	1
What's the matter?	85	0
Look	26	1
Lucky you!	123	0
So do I	60	0
Aww, that's so sweet!	2	0
Yikes!	34	0
No, sir	129	1
Very well	22	0
Yeah, I think so too	71	0
That sounds really cool!	20	0
Well, let's see	15	0
I do too	3	0
Okay, okay	1	1
That is so true	27	0
Really? Why?	10	0
Oh?	81	0
Nah	130	0
Thank you, boss	4	1
Thank you for your help	128	0
That's a shame	80	0
Yeah, right	89	0
Cheers!	44	0
Yeah, I can see that	131	0
It does	132	0
Yeah, same here	40	0
Oh my goodness!	48	0
No problem, man	12	1
I completely understand	8	0
I know the feeling	3	0
I appreciate that	68	0
OK, see you then	133	0
Dunno	134	1
No, it isn't	135	0
Seriously?	10	1
Yes, you are right	50	0
That will be fine	52	0
I'm in!	136	0
Whoa!	34	0
I would love that!	52	0
Is that right?	56	0
It was okay	82	0
What do you do for work?	122	0
You're kidding	137	0
Why? What happened?	43	0
What? Why?	14	0
Thanks, you too!	75	0
Let me check	15	0
That sounds like so much fun!	35	0
That's a great attitude to have	68	0
Amazing!	11	0
I can tell	15	0
Done	128	0
I don't blame you	138	0
Yeah, I hope so	71	0
No, of course not	5	0
I get it	26	0
I don't really know	9	0
That's it	33	0
What's going on?	85	0
Very nice	11	0
Sweet!	11	0
How exciting!	35	0
I can see that	15	0
That's crazy!	2	0
Hi, how are you?	139	0
It sure is!	36	0
It's no problem at all	12	0
Go ahead	128	0
Do you have any pets?	140	0
Hi there!	41	0
Ugh	59	0
Deal!	11	0
Oh, good	59	0
Sometimes	19	0
Tell me	15	1
How was it?	141	0
Oh my gosh!	48	0
That's tough	94	0
Yay!	11	0
I agree with you	24	0
Y?	81	0
It depends	19	0
Oh, you know	59	0
Oh, that's nice	25	0
It's going well	62	0
Certainly, sir	65	1
Again?	10	0
Oh, that's interesting	25	0
Yeah, they are	46	0
No kidding	142	0
I have	143	0
Where are you from?	126	0
Uh oh	86	1
For what?	14	1
That's strange	80	0
It's okay, I understand	21	0
OK, I see	131	0
Thanks, man	4	1
Well, I don't know	9	0
Oh, God	59	0
I would be too	3	0
Yeah, maybe	71	0
That's a good point	55	0
What is it about?	144	0
That's not too bad	108	0
Me?	140	1
Well, yes	145	0
I see. Thank you	15	0
You think so?	69	0
That sounds fine	20	0
I'm sure	32	0
I feel the same way	3	0
Mmmm	34	1
Umm...	86	0
Well done!	44	0
Ok, great	1	0
I'll try	146	0
See ya!	74	0
It's not your fault	138	0
I don't understand	9	0
Good job!	44	0
What time?	103	0
Ok, cool	1	0
Oh, sure	147	0
Here it is	98	0
I'm doing great!	62	0
How are you?	139	0
Very true	27	0
Where is it?	43	0
It definitely is	36	0
Okey	26	0
That's nice of you	123	0
That stinks	80	0
What are you doing?	139	0
Are you ok?	148	0
What about it?	78	0
Very cool	11	0
It's true	27	0
That sounds exciting!	35	0
Yes, I was	51	0
What are you going to do?	126	0
Yes, sure	7	0
Maybe I will	57	0
Fantastic!	11	0
Not much, just hanging out	87	0
You sure?	120	0
That's unfortunate	80	0
Where are you?	126	0
No, it's okay	149	0
That's the spirit!	68	0
What's your favorite book?	150	0
Yum!	11	0
Oh, I don't know	9	0
Yes, here you are	107	0
Yes, he is	46	0
Yes, I'm sure	0	0
How so?	69	0
You got it!	101	0
Sure, thanks	7	0
Sorry, sir	79	1
You should try it!	57	0
That's so sweet!	2	0
Me	151	0
Why did you do that?	29	0
You did?	152	0
Forget it	153	1
No problem, happy to help	12	0
Just a moment, please	147	0
There you go!	101	0
Not me	154	0
Of course I do!	38	0
Here	98	0
That's sweet	2	0
Yeah, it definitely is	71	0
OK, I'll take it	155	0
Is it?	69	1
Yes, it does	156	0
Not good	76	0
It's not bad	76	0
What do you think?	69	0
Wow, that's cool!	2	0
Oh, sorry	59	0
We'll see	15	0
Sure. Here you are	107	0
What do you do?	122	0
I feel you	3	0
Sure, that sounds like fun	157	0
Well, that's good	30	0
I hope not	115	0
Never	54	1
You know	8	0
How did it go?	43	0
I wish!	34	0
See you later	74	0
Np	23	0
What do you do for fun?	122	0
Dang!	11	0
Good-bye	37	0
Idk	158	0
Good night	84	0
Fair enough	28	0
About what?	78	1
Always	128	0
Yes, that's fine	97	0
Thanks, coach	4	0
See?	159	0
Not sure	9	0
I'm glad I could help	104	0
Oh, not much	45	0
Ok, sure	7	0
Nothing special	87	0
Huh	86	1
That's good to know	55	0
Of course you can!	160	0
I like it	106	0
Yes, definitely	0	0
It's nice	106	0
You know what?	14	0
Yes, they do	156	0
I don't	90	0
That's really admirable	68	0
I'm not	109	0
I can't believe it!	70	0
Pardon?	161	1
Okay, thank you	53	0
Oh, that's terrible	30	0
That's a good one!	34	0
Alright, fine	37	0
That's not the point!	70	1
It's really good!	106	0
Never mind	162	0
How are you today?	139	0
Yes, exactly!	16	0
I was!	66	0
Oh, you know, the usual	59	0
Thank you, Mr	4	0
I'll be there	163	0
I am happy for you	123	0
How do you know?	29	0
That sounds cool	20	0
Yes, madam	65	1
I'm jealous!	2	0
That's so sweet of you!	123	0
I'm glad you're enjoying it	104	0
Thanks for the advice	23	0
Oh, hi!	41	0
OK, bye!	1	0
Yeah, I hear you	31	0
Ok, let's go!	164	0
Yes, you do	38	0
Excuse me?	165	1
Where do you live?	126	0
Seriously	114	0
I know you will	57	0
Yes, she is	46	0
I sure did	77	0
I won't	118	0
I don't believe you	138	1
Oh, that sucks	80	0
Did you?	152	1
That's great! Congratulations!	2	0
Why's that?	18	1
Great choice!	63	0
What about you?	140	0
See you soon!	74	0
That's annoying	80	0
That's impressive	25	0
Mine too!	166	0
I'm glad you enjoyed it	104	0
I love dogs!	167	0
Sorry about that	26	0
Take care!	75	0
Thanks! I try my best	4	0
Yeah, what's up?	85	0
Have fun!	35	0
Hold on, please	72	0
You'll be fine	42	0
I promise	21	0
Thank God	4	0
Yes, I see	131	0
Likewise	68	0
Correct	33	0
Good choice	63	0
Alright, thanks	67	0
Hey, what's up?	85	0
No problem, sir	12	1
That's for sure	96	0
That's a relief	80	0
How old is she?	168	0
What are you studying?	122	0
Kk	26	0
That sounds awful	94	0
Unfortunately not	54	0
You do?	169	0
Yeah, I definitely do	38	0
Fine, thanks	67	0
Not much, just the usual	87	0
No?	95	0
Thanks again	128	0
Stop it!	34	0
Yeah, it does	156	0
Oh, definitely!	48	0
That's funny	25	0
I know, Mom	21	1
It's amazing!	106	0
I love to read too!	75	0
See you tomorrow	74	0
Of course I am!	51	1
Take it easy	26	0
I will! Thanks for the recommendation	57	0
What's your favorite movie?	150	0
No prob	12	0
I'm good. How are you?	139	0
What's your favorite food?	170	0
Do you?	140	1
I can relate	3	0
Very	22	0
With pleasure	68	0
Yes, there is	107	0
What does that mean?	29	1
It's been good	82	0
Is that so?	69	0
Yes, it has	83	0
Of course I will!	113	0
What do you want?	126	0
Terrible	22	1
I love you	117	0
Absolutely not	39	0
That would be nice	52	0
What did he say?	43	0
Bullshit	26	0
Yes, we are	46	0
Yes, I can	160	0
I'm so happy for you!	123	0
A little bit	171	0
Me either	3	0
So am I	66	0
Ah, yes	59	0
That's correct	33	0
Tomorrow	172	0
I didn't know that	9	0
Probably not	115	0
I'm glad	104	0
Don't be silly	49	0
Sure, I'd love to!	7	0
Agree!	24	0
I'm really sorry	21	0
How do you do?	173	0
It's no big deal	49	0
I can see why	15	0
Thanks for the recommendation!	63	0
No, that's OK	149	0
I'm serious	137	0
Thank you, doctor	4	1
Calm down	26	0
Yeah, why not?	18	0
Could be	32	0
Where to?	126	0
I might just do that	146	0
That sounds lovely	20	0
Yes, actually	0	0
I'm good, thanks for asking	62	0
Ok, I understand	31	0
Thank you for understanding	128	0
Oh boy	59	1
Gotcha	72	0
Oh, geez	59	0
Yeah, I'm sure	71	0
Ofc	72	1
I'm a teacher	174	0
That sounds rough	94	0
That's the one	33	0
Yeah, it's great	175	0
That is sad	80	0
Are you married?	140	0
Yes, you can	160	0
That's a long time	176	0
I doubt it	32	0
Good evening	84	0
I bet it is	36	0
Oh, thank you so much!	48	0
Ah ok	59	0
Do you have any kids?	140	1
Mrs	79	0
That sounds scary	94	0
That's it?	56	0
Later	172	0
Thanks, guys	4	1
Speaking	26	0
Good afternoon	84	0
Sounds fun!	35	0
Any time	128	0
I thought so	32	0
Ok. Anything else?	85	0
Hah!	34	0
I didn't	110	0
Yes, ma'am	107	1
Is that all?	177	0
What do u mean?	29	0
No, I'm fine	149	0
Not exactly	39	0
I love to cook	167	0
You think?	69	0
All right, thank you	23	0
Yes, I'm positive	0	0
Hey there!	41	0
Excuse me	26	1
Thanks, I really appreciate it	68	0
You're the best!	44	0
So, how have you been?	139	0
That's not good enough!	108	0
That's pretty neat	25	0
That's a lot of money	178	0
That's perfect!	2	0
You can say that again	24	0
Shoot	26	0
Do you like it?	179	0
Wow, that sounds amazing!	20	0
Listen	26	1
Ok, good	1	0
I'll have to check it out	98	0
Next week	176	0
Please do	57	0
It shows	132	0
That sounds incredible!	20	0
Yesterday	172	0
I'll think about it	146	0
Ok see you	133	0
Yes, indeed	0	0
What's wrong with it?	85	1
Too bad	22	0
You can't be serious	142	1
Well, thank you	4	0
Xx	180	1
That's so nice!	2	0
That is bad	30	0
It's not that hard	181	0
Oh, absolutely!	48	0
Why? What's wrong?	85	0
Phew!	34	0
Good point	55	0
They do!	112	0
No, you don't have to	90	0
That's a bummer	80	0
You are so lucky!	123	0
Dr	26	0
That works for me	182	0
No, you don't	90	0
Both	19	0
I'm sure they are	183	0
I will, I promise	57	0
Yes, I understand	31	0
That's a great book!	106	0
That sounds like a great time	20	0
She is	183	0
Yes, we have	83	0
That's a tough question	55	0
Can I help you?	173	0
I'm sorry, Mr	21	0
You should go!	57	0
I love you too, Mom	117	1
Yes, certainly	0	0
That's definitely true	27	0
See u	74	0
Good, good	22	1
You?	140	1
That's not an excuse	138	0
If you say so	19	0
I don't remember	9	0
OK. See you later	133	0
So what happened?	78	0
You're probably right	47	0
Ok, got it	184	0
Oh really	114	0
Yuck!	34	0
Yeah, I love it	175	0
Neat!	11	0
Sure. Here you go	185	0
So, what do you think?	69	0
I see what you mean	8	0
That's good advice	68	0
Aw, thank you	4	0
Thanks for reminding me	128	0
Count me in!	136	0
I sure hope so	32	0
Duh!	34	1
Dad!	34	1
That really sucks	80	0
Good luck with that	68	0
Where do you want to go?	126	0
Why do you think so?	69	0
You're lucky	123	0
Yeah, it was great	124	0
No, never	54	0
Of course, no problem	12	0
Oh, please	59	0
That's a good choice	63	0
It's hard to say	137	0
Almost	19	0
Me too! They're so good	3	0
I sure do!	60	0
Hello?	186	0
Aww, thank you!	4	0
I'm on my way	163	0
I think I will	57	0
Ok thx	187	0
How old are you?	122	0
Coming	163	0
I'm doing alright, thanks for asking	62	0
I will. Thanks again	57	0
No, I'm sorry	138	0
I'm good too	62	0
And you?	140	1
I love to travel	188	0
It's good	22	0
I haven't decided yet	105	0
Thank goodness	4	0
I said I was sorry	21	0
Yeah, thanks	53	0
Not necessarily	39	0
We'll see about that	15	0
Very funny	22	0
I don't believe it	9	0
Cool, thanks	67	0
Sure, go ahead	7	0
No probs	12	0
What did he do?	43	0
Oh wow, that's awesome!	2	0
All right, sir	79	1
What's your favorite color?	150	0
How old is he?	168	0
Very interesting	25	0
This is ridiculous	137	1
I'm so excited!	35	0
I'd like to	182	0
Ok, let me know	187	0
Just a minute	171	0
Is everything okay?	148	0
How long will it take?	168	0
Yeah, I remember	6	0
Oh no, that's terrible!	108	0
What was it?	43	0
I wish you luck	4	0
What are you saying?	29	0
Hurry up!	101	0
I'll take it!	146	0
Okay, that makes sense	125	0
That's a good question	55	0
Where did you go?	126	0
That's not a bad idea	189	0
There	98	0
Yeah, I feel the same way	40	0
How was your day?	141	0
What's happening?	85	0
That's not a problem	108	0
I'm coming	163	0
It's all right	28	0
Fun!	35	0
It's fine	42	0
Sure, what do you need?	120	0
You will	57	0
I'm glad you like them	104	0
I'm fine, thank you	42	0
I'll keep that in mind	146	0
What's your favorite band?	150	0
What can I do for you?	122	0
Ahh	59	0
That's so nice of you!	123	0
So, what's new with you?	85	0
That sounds reasonable	94	0
Oh, that's no problem	12	0
You're welcome. Have a nice day!	23	0
Oops!	34	0
What did you say?	14	0
That's a great movie!	106	0
Hi, I'm [name]	41	0
Let me think	15	0
What did you see?	43	0
It sure was	36	0
Go on	72	0
No, sorry	91	0
Now?	10	1
That's so cute!	2	0
I'm sure you are	66	0
Morning	84	0
I can only imagine	32	0
Yes, yes	0	1
What are they?	43	0
Yes, Mr	65	0
No, what?	78	0
Aha!	48	1
Is it serious?	102	0
Love you	117	0
Hello, Mr	41	0
What kind?	43	0
A little	171	0
He is	183	0
I love cats!	167	0
All right then	28	0
No, what happened?	78	0
Haha, yeah	86	0
What do you mean by that?	29	0
Sure, that sounds great	116	0
It looks great!	106	0
I got it	101	0
That's a great song!	106	0
Oh, don't worry about it	49	0
Don't worry about that	49	0
OK, I'll try	155	0
It's beautiful!	106	0
It's nothing	87	0
I'd be glad to	104	0
Sort of	19	0
Ha ha ha	34	0
Well?	10	0
Rly?	95	1
Do you need anything else?	169	0
Yeah, a little bit	190	0
Oh, that's right	33	0
OK, Mr	65	0
You never know	49	0
What did she say?	43	0
Yeah, I get that	31	0
It was horrible	82	0
Everything!	191	0
About a week	176	0
I'm glad you think so	104	0
Oh, sorry to hear that	80	0
Yeah, what about it?	78	0
Thanks, bye	4	0
Yes, you are	51	0
Oh, that's good	30	0
Thanks for the kind words	4	0
Very much so	19	0
No problem. Good luck!	12	0
I'll do that	146	0
Of course, what's up?	85	0
Thanks, me too	75	0
Easier said than done	24	0
No, you're not	109	0
I know, and I'm really sorry	21	0
Very well, thank you	67	0
No, really	192	0
Yes, I would	113	0
That's good news	80	0
It's possible	32	0
You won't regret it	49	0
Yeah, it's a lot of fun	157	0
Okay, let's take a look	131	0
That's fair	28	0
That is very true	27	0
Maybe not	115	0
Yeah, I think I will	113	0
Well, that depends	94	0
That sounds like a great job	52	0
Wow, congratulations!	44	0
Where do you work?	122	0
Don't say that!	70	0
Hold on	72	0
On my way	163	0
Let's go	163	0
Good, thanks	67	0
That's the point	55	0
Of course, sir	65	1
C'mon	72	0
Would you like something to drink?	193	0
Don't ask me	9	0
How are you doing?	139	0
Yeah, it really is	71	0
No, I can't	118	0
Nooo...	145	1
Oh lol!	48	0
I'll try my best	146	0
But what?	78	0
That sounds very difficult	94	0
-_-	26	0
Hehe	34	0
I know exactly what you mean	8	0
It did	132	0
Glad to hear it!	75	0
Indeed it is	36	0
Hi how are you doing?	139	0
I'd like that	52	0
Well, okay	37	0
Haha, thanks	4	0
Weird	80	0
I guess not	115	0
Are you crazy?	102	0
You should! It's really good	57	0
That's a lot!	2	0
Maybe so	32	0
Ok, I get it	194	0
Yes, here it is	107	0
Yo!	34	0
It's too late	21	0
Oh, thanks	59	0
Sure, why not?	18	0
Yes, speaking	0	0
Thank you. Goodbye	4	0
That's easy	28	0
Yes, I know that	31	0
Not very well	76	0
I love to read	75	0
Nonsense!	112	0
What seems to be the problem?	85	0
No, you can't	118	0
That's rough	94	0
What about me?	140	0
Sure I am	51	0
Well, sir	79	1
I will, don't worry	195	0
Not anymore	54	0
I don't get it	158	0
Oh, that's not good	108	0
Finally!	34	0
Let's do it!	146	0
How nice!	11	0
What makes you say that?	29	0
What else?	78	0
Thank you for coming	163	0
How much does it cost?	121	0
That sounds relaxing	94	0
Of course it is!	196	0
Aw	34	0
Yeah, really	197	0
That's a great choice!	63	0
Kind of	19	0
I told you	26	0
Thanks! I'm glad you like it	104	0
I'm sorry, Mom	21	1
Perfect, thanks!	67	0
That's a great goal!	2	0
Who knows?	198	0
Unfortunately, yes	145	0
Something like that	52	0
You're telling me!	112	0
Yes, we did	64	0
Is there anything else?	85	0
I love pizza	167	0
Hi! What's up?	85	0
OK, goodbye	1	0
Of course I did!	64	0
I'm sure it will	132	0
Yeah, I can tell	31	0
That sounds boring	94	0
I do not	90	0
You	151	1
Same old, same old	3	0
Well, congratulations!	44	0
More or less	171	0
What was that?	43	0
How can I help you?	173	0
Do you need any help?	169	0
Fingers crossed!	63	0
Mom!	34	1
I think you're right	47	0
Not a problem	12	0
That's frustrating	80	0
Sounds amazing!	20	0
Yeah, okay	1	0
Oh, yes, of course	145	0
That was nice of you	123	0
Hum	26	1
Enjoy!	44	0
We do!	60	0
I like those too!	106	0
Relax	26	0
Fine, whatever	37	0
Sir?	199	1
That makes a lot of sense	55	0
Who are you?	140	0
Me too! It's so good	3	0
Heh	59	1
Again, I'm sorry	21	0
That sounds fair	94	0
Thank you for saying that	4	0
Yeah, I bet	71	0
Good morning, Mr	84	0
That's really good!	2	0
Yes, absolutely	0	0
In two weeks	176	0
What size do you wear?	122	0
Who knows	134	0
Thank you. I appreciate it	68	0
Well, you definitely succeeded	4	0
What a great idea!	63	0
Really? What happened?	10	0
Not quite	39	0
Hello there!	41	0
Now	26	0
Sounds nice	20	0
I'm an accountant	174	0
I'll do my best	146	0
Oh, that sounds nice	20	0
So did I	77	0
It better not	49	0
Brilliant!	11	0
How about tomorrow afternoon?	103	0
No need	162	0
I know it is	36	0
So, what do you do?	122	0
Great, see you then!	74	0
You might be right	47	0
I can do that	146	0
And then?	10	0
It's a great job	68	0
It really was	82	0
Easy	26	0
That's beautiful	2	0
Oh I bet	32	0
Yes, it did	156	0
What a shame!	80	0
Ok. See you tomorrow	133	0
I'm great!	62	0
Again?!	34	0
We will	57	0
Oh, gosh	59	0
What kind of job is it?	122	0
God	26	0
What's your favorite video game?	150	0
I guess that makes sense	55	0
I miss you too	117	0
Yes and no	5	0
Here is the money	61	0
Okay, Mom	1	1
Good to know	55	0
How about you?	140	0
How time flies!	112	0
Like?	81	1
Poor you!	112	0
Yes, very	0	0
I'm ready	163	0
No problem, have a great day!	12	0
Not so good	76	0
Come on, it'll be fun!	35	0
Yeah, for sure	71	0
Poor thing	26	0
I can't do that	118	0
This is so unfair!	112	0
I love video games!	167	0
How fun!	35	0
Sir	79	1
I'm on it!	136	0
Well, no	100	0
Are you all right?	177	0
👍	180	0
😂	180	0
❤️	180	0
🙏	180	0
😊	180	0
🎉	180	0
👌	180	0
😍	180	0
😢	180	0
🔥	180	0
Ok 👍	1	0
Okay	1	0
Sure!	7	0
Yes!	0	0
Maybe later	172	0
Absolutely!	13	0
Sounds good!	20	0
Sounds like a plan	52	0
Works for me	200	0
Haha, so funny	34	0
On my way!	163	0
Almost there	98	0
Be right there	163	0
Coming!	163	0
I'm here	163	0
Just reached	163	0
I'll be there soon	163	0
Running late, sorry	200	0
Give me 5 minutes	200	0
I'm outside	163	0
See you there!	74	0
See you tomorrow!	74	0
See you then	74	0
Talk to you later	74	0
Talk soon	74	0
Call you later	74	0
Can't talk right now	87	0
Call me	74	0
I'll call you	74	0
I'll let you know	146	0
I'll check	15	0
Will do	57	0
On it	72	0
Got it, thanks!	67	0
Noted	11	0
Okay, thanks!	53	0
Thanks!	44	0
Thank you!	44	0
Thanks a lot!	44	0
You're welcome!	23	0
Anytime!	23	0
Happy to help	23	0
Sorry!	11	0
So sorry	21	0
Oh no, are you okay?	148	0
Take care	62	0
Get well soon!	62	0
Feel better soon	62	0
Hope you feel better	62	0
Take rest	62	0
Congrats! 🎉	44	0
Great job!	44	0
So proud of you!	123	0
So happy for you!	123	0
Happy birthday!	44	0
Happy birthday! 🎂	44	0
Happy anniversary!	44	0
Happy new year!	75	0
Merry Christmas!	75	0
Happy Diwali!	75	0
Eid Mubarak!	34	0
Happy holidays!	75	0
Same to you!	75	0
Good morning!	84	0
Good night!	84	0
Sweet dreams	11	0
Sleep well	62	0
I'm good, you?	139	0
I'm fine, thanks	42	0
Doing well, thanks!	62	0
Miss you!	117	0
Miss you too	117	0
Good idea!	63	0
Count me in	136	0
Sorry, I can't make it	201	0
Sorry, I'm busy	200	0
Can't today	118	0
Maybe next time	172	0
Some other time	172	0
Tell me more	15	0
Any update?	202	0
Let me think about it	146	0
Drive safe!	63	0
Safe travels!	188	0
All the best!	44	0
You got this!	101	0
No rush	201	0
Take your time	200	0
Welcome back!	44	0
Glad you made it	104	0
Glad to hear that	68	0
That's awesome!	2	0
Looks great!	44	0
Love it!	106	0
Beautiful!	44	0
So cute!	44	0
Delicious!	11	0
